Pastry,Z_Scratch,K_Scatch,Stains,Dirtiness,Bumps,Other_Faults,mean_auc,fold
0.8639386629910406,0.9644261657471296,0.9817988048142217,0.985675992628581,0.8819039967865032,0.8042177814382939,0.7180889033095393,0.8857214725307585,0
