Pastry,Z_Scratch,K_Scatch,Stains,Dirtiness,Bumps,Other_Faults,mean_auc,fold,train_time_sec
0.8661095796002757,0.9644261657471296,0.9817988048142217,0.985675992628581,0.8902055298922139,0.8042177814382939,0.7180889033095393,0.8872175367757507,0,3.760978937149048
0.8555766138295429,0.9609688990045953,0.9836780227789925,0.990520313613685,0.8832299150881776,0.8284801197832822,0.703744925782249,0.886599829982932,1,3.968371629714966
0.8749392318911036,0.9638354015119098,0.9832076956126303,0.9932287954383464,0.8692194644023513,0.8174062245763446,0.7102332540197562,0.8874385810646345,2,4.6009604930877686
0.8787445439926488,0.960997709560783,0.9862375082999013,0.9914977383146255,0.8180357501506327,0.8051942150906163,0.6860594534432642,0.8752524169789246,3,5.156669855117798
0.8463014013324144,0.9556749593050894,0.9847979287910322,0.9930194895850784,0.8910925888732677,0.8151711066105831,0.7123332612300814,0.885484390818221,4,5.496912717819214
