Pastry,Z_Scratch,K_Scatch,Stains,Dirtiness,Bumps,Other_Faults,mean_auc,fold
0.8605275974674044,0.9133112980769231,0.9785585548787649,0.9906631109954795,0.8257763142780564,0.7502575156896145,0.6598017070365245,0.8541280140603952,0
0.8514628427560473,0.9158121731271472,0.9791356184798807,0.9885846998843688,0.8510852455046316,0.7416974429320108,0.6598049900727222,0.855369001822401,1
0.849058260876508,0.8929787660256411,0.9782037077693648,0.9851897622686916,0.8790711031129149,0.7628579468085641,0.6593370230216546,0.8580995099833343,2
0.8505500331345263,0.8945906030188491,0.9769049193313976,0.9883642676706103,0.8490193376510037,0.7517328149956304,0.6500521745650557,0.8516020214810104,3
0.8778227555683302,0.911861455751301,0.9809710296452135,0.982293966151582,0.8203441908336866,0.7707166428131045,0.6647669495057262,0.8583967128955633,4
