Pastry,Z_Scratch,K_Scatch,Stains,Dirtiness,Bumps,Other_Faults,mean_auc,fold,train_time_sec
0.8504824259131634,0.8927238940347745,0.9714092813819963,0.9803708047132407,0.8238769498560621,0.7283800771598248,0.6792000144206504,0.8466347782113874,0,8.61725401878357
0.8552607397197334,0.891132110805399,0.9680376348573114,0.9726443335709194,0.8358262573481384,0.7683288328053869,0.692263776478682,0.8547848122265099,1,8.601609945297241
0.8635206148575132,0.9113250606190273,0.9764338602491924,0.9871846044191019,0.8018125408229915,0.7680929878312648,0.6764564856875046,0.8549751649266566,2,8.641688585281372
0.8786985986675856,0.870035581036892,0.9794385639915411,0.9851175517953873,0.756075517172123,0.7480548198923336,0.6750861761559492,0.8417866869588302,3,8.547228336334229
0.8369055823569951,0.8719010645500511,0.9796226962543033,0.9882867035237616,0.8675604204324832,0.7592498831593706,0.6806168433196337,0.8548775990852283,4,8.48725152015686
