Pastry,Z_Scratch,K_Scatch,Stains,Dirtiness,Bumps,Other_Faults,mean_auc,fold
0.7421818045463213,0.7881619049265143,0.9554957836256135,0.9774980730891774,0.7669341627294095,0.7150431167888895,0.6482740669446008,0.7990841303786466,0
0.7444926238968396,0.7864581761101216,0.955044817795977,0.9759312696747114,0.7530495606363979,0.7079396384778899,0.646479588568731,0.7956279535943811,1
