Pastry,Z_Scratch,K_Scatch,Stains,Dirtiness,Bumps,Other_Faults,mean_auc,fold,train_time_sec
0.851005053985757,0.9333899940938359,0.9776725681986843,0.9839308650248506,0.8439278302202585,0.7679830074992413,0.6976187901074339,0.8650754441614374,0,6.19457483291626
0.8574718584883988,0.9384174361486048,0.9715985911966483,0.975238774055595,0.8593403004572175,0.8013709300514099,0.7084076231229447,0.8731207876458312,1,6.464015245437622
0.8712063337731787,0.9427328483811153,0.9787857314235656,0.9869422665716323,0.8164598301763554,0.7894596770005712,0.6944011824933305,0.8685696956885355,2,5.816587924957275
0.8650643234550884,0.9345424163413475,0.979636645668149,0.983442229295806,0.7718249983263038,0.7783511623478908,0.6859369878506928,0.8569712518978968,3,5.865097284317017
0.8409143119687572,0.8916362955386855,0.9818099643452982,0.9903668956274083,0.8850003347392381,0.7962299423586229,0.6970437666738769,0.8690002158931268,4,5.598712205886841
