Pastry,Z_Scratch,K_Scatch,Stains,Dirtiness,Bumps,Other_Faults,mean_auc,fold
0.8575924649666896,0.9489188838790533,0.982554863044655,0.9875328083989501,0.8942056637879091,0.7948935801291775,0.7202375802148677,0.8837051206316148,0
0.8537043418332185,0.9523977585387285,0.9848075136178761,0.9889807555238774,0.8961463096015676,0.8175555209361098,0.7031109862442323,0.8852433123279443,1
0.8671319767576452,0.9535301668806162,0.9802699490567406,0.9917462580185318,0.8842586544741998,0.8051747416523862,0.7091679284735742,0.8844685250448135,2
