Pastry,Z_Scratch,K_Scatch,Stains,Dirtiness,Bumps,Other_Faults,mean_auc,fold
0.859470480128647,0.9489188838790533,0.982554863044655,0.9875328083989501,0.8897201579969204,0.7948935801291775,0.7202375802148677,0.8833326219703245,0
0.8507121525384792,0.9523977585387285,0.9848075136178761,0.9889807555238774,0.8854016982364468,0.8175555209361098,0.7031109862442323,0.8832809122336787,1
0.8651931847119013,0.9535301668806162,0.9802699490567406,0.9917462580185318,0.8772534291312867,0.8051747416523862,0.7091679284735742,0.8831908082750053,2
