Pastry,Z_Scratch,K_Scatch,Stains,Dirtiness,Bumps,Other_Faults,mean_auc,fold
0.8552377670572019,0.9507987726703064,0.9824544272649663,0.9883146255654213,0.890875008368481,0.7970284797780572,0.7221194750883264,0.8838326508275373,0
0.8455835056283023,0.9552139904060848,0.9845793898523872,0.9901069137562366,0.8838830829523188,0.8174127157224214,0.7021204557160815,0.882700007719119,1
0.8604301224622081,0.9561617458279845,0.9806884314721096,0.9926300784034212,0.8766655780535598,0.8050405913001333,0.704003533059341,0.8822314400826796,2
0.8615667355846542,0.9506331119722267,0.9868373330952633,0.9895431953984475,0.7772310370221597,0.7913615828010594,0.6875416473062972,0.8635306633114439,3
0.8334022513209282,0.9395122372837409,0.9826580887071126,0.9938990338973586,0.8927662850639352,0.8072519083969466,0.6962722618790107,0.8779660095070047,4
